Workbook

Sheet Summary
A3: 行标签 | B3: 计数项:公司
A4: 成功 | B4: 65
A5: 无法自动获取下载链接，需手动下载 | B5: 3
A6: 自动下载失败，需手动下载 | B6: 8
A7: 未更新到2024Q3 | B7: 16
A8: 总计 | B8: 92

Sheet config
A1: control | B1: 公司 | C1: 类型 | D1: 网址 | E1: 进度 | F1: 备注 | G1: text_to_find | H1: xpath | I1: 季度 | J1: Y | K1: Q | L1: 保存地址 | M1: 保存文件名
A2: Y | B2: 平安寿险 | C2: 寿险 | D2: https://life.pingan.com/gongkaixinxipilu/changfunenglibaogao.jsp | E2: 成功 | G2: =$J2&"年第"&$K2&"季度" -> 2025年第2季度 | I2: 2025Q2 | J2: =LEFT(I2,4) -> 2025 | K2: =RIGHT(I2,1) -> 2 | L2: ="D:\文档\_工作相关\KPMG\CROSS II\"&I2 -> D:\文档\_工作相关\KPMG\CROSS II\2025Q2 | M2: =B2&I2&"偿付能力季度报告摘要.pdf" -> 平安寿险2025Q2偿付能力季度报告摘要.pdf
A3: Y | B3: 中国人寿 | C3: 寿险 | D3: https://www.e-chinalife.com/tzzgx/tzzgx/dqbg/cfnljbzy/ | E3: 成功 | G3: =$J3&"年"&$K3&"季度" -> 2025年2季度 | I3: 2025Q2 | J3: =LEFT(I3,4) -> 2025 | K3: =RIGHT(I3,1) -> 2 | L3: =$L$2 -> D:\文档\_工作相关\KPMG\CROSS II\2025Q2 | M3: =B3&I3&"偿付能力季度报告摘要.pdf" -> 中国人寿2025Q2偿付能力季度报告摘要.pdf
A4: Y | B4: 新华保险 | C4: 寿险 | D4: https://www.newchinalife.com/info/53474 | E4: 成功 | G4: =$J4&"年第"&CHOOSE($K4,"一","二","三","四")&"季度" -> 2025年第二季度 | I4: 2025Q2 | J4: =LEFT(I4,4) -> 2025 | K4: =RIGHT(I4,1) -> 2 | L4: =$L$2 -> D:\文档\_工作相关\KPMG\CROSS II\2025Q2 | M4: =B4&I4&"偿付能力季度报告摘要.pdf" -> 新华保险2025Q2偿付能力季度报告摘要.pdf
A5: Y | B5: 太保寿险 | C5: 寿险 | D5: https://life.cpic.com.cn/xrsbx/gkxxpl/cfnlxxzq/?subMenu=4&inSub=3 | E5: 成功 | G5: =$J5&"年第"&$K5&"季度" -> 2025年第2季度 | I5: 2025Q2 | J5: =LEFT(I5,4) -> 2025 | K5: =RIGHT(I5,1) -> 2 | L5: =$L$2 -> D:\文档\_工作相关\KPMG\CROSS II\2025Q2 | M5: =B5&I5&"偿付能力季度报告摘要.pdf" -> 太保寿险2025Q2偿付能力季度报告摘要.pdf
A6: Y | B6: 招商信诺 | C6: 寿险 | D6: https://www.cignacmb.com/xinxi/jibenxinxi/changfunengli.html | E6: 成功 | G6: =$J6&"年第"&$K6&"季度" -> 2025年第2季度 | I6: 2025Q2 | J6: =LEFT(I6,4) -> 2025 | K6: =RIGHT(I6,1) -> 2 | L6: =$L$2 -> D:\文档\_工作相关\KPMG\CROSS II\2025Q2 | M6: =B6&I6&"偿付能力季度报告摘要.pdf" -> 招商信诺2025Q2偿付能力季度报告摘要.pdf
A7: Y | B7: 泰康人寿 | C7: 寿险 | D7: https://www.taikanglife.com/publicinfonew/specialinfo/payinfonew/list_418_1.html | E7: 成功 | G7: =$J7&"年第"&$K7&"季度" -> 2025年第2季度 | I7: 2025Q2 | J7: =LEFT(I7,4) -> 2025 | K7: =RIGHT(I7,1) -> 2 | L7: =$L$2 -> D:\文档\_工作相关\KPMG\CROSS II\2025Q2 | M7: =B7&I7&"偿付能力季度报告摘要.pdf" -> 泰康人寿2025Q2偿付能力季度报告摘要.pdf
A8: Y | B8: 人保寿险 | C8: 寿险 | D8: https://www.picclife.cn/picclifewebsite/webfile/cfnljdbgzy/index.html | E8: 成功 | G8: =$J8&"年第"&$K8&"季度" -> 2025年第2季度 | I8: 2025Q2 | J8: =LEFT(I8,4) -> 2025 | K8: =RIGHT(I8,1) -> 2 | L8: =$L$2 -> D:\文档\_工作相关\KPMG\CROSS II\2025Q2 | M8: =B8&I8&"偿付能力季度报告摘要.pdf" -> 人保寿险2025Q2偿付能力季度报告摘要.pdf
A9: Y | B9: 中邮人寿 | C9: 寿险 | D9: https://www.chinapost-life.com/publish/publish4/publish4_4/ | E9: 成功 | G9: 2024年3季度 | I9: 2025Q2 | J9: =LEFT(I9,4) -> 2025 | K9: =RIGHT(I9,1) -> 2 | L9: =$L$2 -> D:\文档\_工作相关\KPMG\CROSS II\2025Q2 | M9: =B9&I9&"偿付能力季度报告摘要.pdf" -> 中邮人寿2025Q2偿付能力季度报告摘要.pdf
A10: Y | B10: 工银安盛 | C10: 寿险 | D10: https://www.icbc-axa.com/public/special_infor_temp/special_infor_3/publicList.jsp | E10: 成功 | G10: =$J10&"年第"&CHOOSE($K10,"一","二","三","四")&"季度" -> 2025年第二季度 | I10: 2025Q2 | J10: =LEFT(I10,4) -> 2025 | K10: =RIGHT(I10,1) -> 2 | L10: =$L$2 -> D:\文档\_工作相关\KPMG\CROSS II\2025Q2 | M10: =B10&I10&"偿付能力季度报告摘要.pdf" -> 工银安盛2025Q2偿付能力季度报告摘要.pdf
A11: Y | B11: 国华人寿 | C11: 寿险 | D11: https://www.95549.cn/pages/intro/xxpl05.shtml | E11: 成功 | G11: =$J11&"年"&$K11&"季度" -> 2025年2季度 | I11: 2025Q2 | J11: =LEFT(I11,4) -> 2025 | K11: =RIGHT(I11,1) -> 2 | L11: =$L$2 -> D:\文档\_工作相关\KPMG\CROSS II\2025Q2 | M11: =B11&I11&"偿付能力季度报告摘要.pdf" -> 国华人寿2025Q2偿付能力季度报告摘要.pdf
A12: Y | B12: 信泰人寿 | C12: 寿险 | D12: https://xintai.com/web/info/specialInfo/solvencyReport/periodicDisclosure/index.jsp | E12: 成功 | G12: =$J12&"年第"&$K12&"季度" -> 2025年第2季度 | I12: 2025Q2 | J12: =LEFT(I12,4) -> 2025 | K12: =RIGHT(I12,1) -> 2 | L12: =$L$2 -> D:\文档\_工作相关\KPMG\CROSS II\2025Q2 | M12: =B12&I12&"偿付能力季度报告摘要.pdf" -> 信泰人寿2025Q2偿付能力季度报告摘要.pdf
A13: Y | B13: 建信人寿 | C13: 寿险 | D13: https://www.ccb-life.com.cn/html/6182/3185/index.html | E13: 成功 | G13: =$J13&"年第"&$K13&"季度" -> 2025年第2季度 | I13: 2025Q2 | J13: =LEFT(I13,4) -> 2025 | K13: =RIGHT(I13,1) -> 2 | L13: =$L$2 -> D:\文档\_工作相关\KPMG\CROSS II\2025Q2 | M13: =B13&I13&"偿付能力季度报告摘要.pdf" -> 建信人寿2025Q2偿付能力季度报告摘要.pdf
A14: Y | B14: 民生人寿 | C14: 寿险 | D14: https://www.minshenglife.com/articleListOfChannel/357 | E14: 成功 | G14: =$J14&"年"&$K14&"季度" -> 2025年2季度 | I14: 2025Q2 | J14: =LEFT(I14,4) -> 2025 | K14: =RIGHT(I14,1) -> 2 | L14: =$L$2 -> D:\文档\_工作相关\KPMG\CROSS II\2025Q2 | M14: =B14&I14&"偿付能力季度报告摘要.pdf" -> 民生人寿2025Q2偿付能力季度报告摘要.pdf
A15: Y | B15: 中宏人寿 | C15: 寿险 | D15: https://www.manulife-sinochem.com/public-information/special/solvency | E15: 成功 | G15: =$I$2 -> 2025Q2 | I15: 2025Q2 | J15: =LEFT(I15,4) -> 2025 | K15: =RIGHT(I15,1) -> 2 | L15: =$L$2 -> D:\文档\_工作相关\KPMG\CROSS II\2025Q2 | M15: =B15&I15&"偿付能力季度报告摘要.pdf" -> 中宏人寿2025Q2偿付能力季度报告摘要.pdf
A16: Y | B16: 中英人寿 | C16: 寿险 | D16: http://www.aviva-cofco.com.cn/website/xxzx/gkxxpl/zxxx/cfnljdbgzy/cfnl1/list-1.shtml | E16: 成功 | G16: =$J16&"年第"&$K16&"季度" -> 2025年第2季度 | I16: 2025Q2 | J16: =LEFT(I16,4) -> 2025 | K16: =RIGHT(I16,1) -> 2 | L16: =$L$2 -> D:\文档\_工作相关\KPMG\CROSS II\2025Q2 | M16: =B16&I16&"偿付能力季度报告摘要.pdf" -> 中英人寿2025Q2偿付能力季度报告摘要.pdf
A17: Y | B17: 中美联泰 | C17: 寿险 | D17: https://www.metlife.com.cn/information-disclosure/public-information-disclosure/special-information/solvency-information | E17: 成功 | G17: =$J17&"年"&$K17&"季度" -> 2025年2季度 | I17: 2025Q2 | J17: =LEFT(I17,4) -> 2025 | K17: =RIGHT(I17,1) -> 2 | L17: =$L$2 -> D:\文档\_工作相关\KPMG\CROSS II\2025Q2 | M17: =B17&I17&"偿付能力季度报告摘要.pdf" -> 中美联泰2025Q2偿付能力季度报告摘要.pdf
A18: Y | B18: 中意人寿 | C18: 寿险 | D18: https://www.generalichina.com/cfnlnew/ | E18: 成功 | G18: =$J18&"年第"&$K18&"季度" -> 2025年第2季度 | I18: 2025Q2 | J18: =LEFT(I18,4) -> 2025 | K18: =RIGHT(I18,1) -> 2 | L18: =$L$2 -> D:\文档\_工作相关\KPMG\CROSS II\2025Q2 | M18: =B18&I18&"偿付能力季度报告摘要.pdf" -> 中意人寿2025Q2偿付能力季度报告摘要.pdf
A19: Y | B19: 长城人寿 | C19: 寿险 | D19: https://www.greatlife.cn/page/xxpl/cfnl/cfnl.shtml | E19: 成功 | G19: =$J19&"年第"&CHOOSE($K19,"一","二","三","四")&"季度" -> 2025年第二季度 | I19: 2025Q2 | J19: =LEFT(I19,4) -> 2025 | K19: =RIGHT(I19,1) -> 2 | L19: =$L$2 -> D:\文档\_工作相关\KPMG\CROSS II\2025Q2 | M19: =B19&I19&"偿付能力季度报告摘要.pdf" -> 长城人寿2025Q2偿付能力季度报告摘要.pdf
A20: Y | B20: 幸福人寿 | C20: 寿险 | D20: https://www.happyinsurance.com.cn/info/list_30_36_1.html#infoAnchor | E20: 成功 | G20: =$J20&"年第"&$K20&"季度" -> 2025年第2季度 | I20: 2025Q2 | J20: =LEFT(I20,4) -> 2025 | K20: =RIGHT(I20,1) -> 2 | L20: =$L$2 -> D:\文档\_工作相关\KPMG\CROSS II\2025Q2 | M20: =B20&I20&"偿付能力季度报告摘要.pdf" -> 幸福人寿2025Q2偿付能力季度报告摘要.pdf
A21: Y | B21: 光大永明 | C21: 寿险 | D21: https://www.sunlife-everbright.com/sleb/info/zxxx/cfnlxxplzl/index.html | E21: 成功 | G21: =$J21&"年"&$K21&"季度" -> 2025年2季度 | I21: 2025Q2 | J21: =LEFT(I21,4) -> 2025 | K21: =RIGHT(I21,1) -> 2 | L21: =$L$2 -> D:\文档\_工作相关\KPMG\CROSS II\2025Q2 | M21: =B21&I21&"偿付能力季度报告摘要.pdf" -> 光大永明2025Q2偿付能力季度报告摘要.pdf
A22: Y | B22: 英大人寿 | C22: 寿险 | D22: http://www.ydthlife.sgcc.com.cn/gkxxpl/zxxx/cfnlxx/index.shtml | E22: 成功 | G22: =$J22&"年"&$K22&"季度" -> 2025年2季度 | I22: 2025Q2 | J22: =LEFT(I22,4) -> 2025 | K22: =RIGHT(I22,1) -> 2 | L22: =$L$2 -> D:\文档\_工作相关\KPMG\CROSS II\2025Q2 | M22: =B22&I22&"偿付能力季度报告摘要.pdf" -> 英大人寿2025Q2偿付能力季度报告摘要.pdf
A23: Y | B23: 同方全球 | C23: 寿险 | D23: https://www.aegonthtf.com/gkxxpl/zxxx/cfnl/ | E23: 成功 | G23: =$J23&"年第"&$K23&"季度" -> 2025年第2季度 | I23: 2025Q2 | J23: =LEFT(I23,4) -> 2025 | K23: =RIGHT(I23,1) -> 2 | L23: =$L$2 -> D:\文档\_工作相关\KPMG\CROSS II\2025Q2 | M23: =B23&I23&"偿付能力季度报告摘要.pdf" -> 同方全球2025Q2偿付能力季度报告摘要.pdf
A24: Y | B24: 中荷人寿 | C24: 寿险 | D24: http://www.bob-cardif.com/xinxipilu/zhuanxiangxinxi/changfunenglixinxi/index.html | E24: 成功 | G24: =$J24&"年第"&$K24&"季度" -> 2025年第2季度 | I24: 2025Q2 | J24: =LEFT(I24,4) -> 2025 | K24: =RIGHT(I24,1) -> 2 | L24: =$L$2 -> D:\文档\_工作相关\KPMG\CROSS II\2025Q2 | M24: =B24&I24&"偿付能力季度报告摘要.pdf" -> 中荷人寿2025Q2偿付能力季度报告摘要.pdf
A25: Y | B25: 财信人寿 | C25: 寿险 | D25: https://life.hnchasing.com/web/info/iteminfo/cfnl/dqpl/index.jsp | E25: 成功 | G25: =$J25&"年"&$K25&"季度" -> 2025年2季度 | I25: 2025Q2 | J25: =LEFT(I25,4) -> 2025 | K25: =RIGHT(I25,1) -> 2 | L25: =$L$2 -> D:\文档\_工作相关\KPMG\CROSS II\2025Q2 | M25: =B25&I25&"偿付能力季度报告摘要.pdf" -> 财信人寿2025Q2偿付能力季度报告摘要.pdf
A26: Y | B26: 华泰人寿 | C26: 寿险 | D26: http://life.ehuatai.com/solvency.html | E26: 成功 | G26: =$J26&"年第"&CHOOSE($K26,"一","二","三","四")&"季度" -> 2025年第二季度 | I26: 2025Q2 | J26: =LEFT(I26,4) -> 2025 | K26: =RIGHT(I26,1) -> 2 | L26: =$L$2 -> D:\文档\_工作相关\KPMG\CROSS II\2025Q2 | M26: =B26&I26&"偿付能力季度报告摘要.pdf" -> 华泰人寿2025Q2偿付能力季度报告摘要.pdf
A27: Y | B27: 安联人寿 | C27: 寿险 | D27: https://www.allianz.com.cn/solvencyCapacity/AZ01005 | E27: 成功 | G27: =$J27&"年第"&$K27&"季度" -> 2025年第2季度 | I27: 2025Q2 | J27: =LEFT(I27,4) -> 2025 | K27: =RIGHT(I27,1) -> 2 | L27: =$L$2 -> D:\文档\_工作相关\KPMG\CROSS II\2025Q2 | M27: =B27&I27&"偿付能力季度报告摘要.pdf" -> 安联人寿2025Q2偿付能力季度报告摘要.pdf
A28: Y | B28: 北京人寿 | C28: 寿险 | D28: https://www.beijinglife.com.cn/publicInfo/solvency/ | E28: 成功 | G28: =$J28&"年"&$K28&"季度" -> 2025年2季度 | I28: 2025Q2 | J28: =LEFT(I28,4) -> 2025 | K28: =RIGHT(I28,1) -> 2 | L28: =$L$2 -> D:\文档\_工作相关\KPMG\CROSS II\2025Q2 | M28: =B28&I28&"偿付能力季度报告摘要.pdf" -> 北京人寿2025Q2偿付能力季度报告摘要.pdf
A29: Y | B29: 复星联合 | C29: 寿险 | D29: https://www.fosun-uhi.com/PublicInformation/SolvencyInformation/ | E29: 成功 | G29: =$J29&"年"&$K29&"季度" -> 2025年2季度 | I29: 2025Q2 | J29: =LEFT(I29,4) -> 2025 | K29: =RIGHT(I29,1) -> 2 | L29: =$L$2 -> D:\文档\_工作相关\KPMG\CROSS II\2025Q2 | M29: =B29&I29&"偿付能力季度报告摘要.pdf" -> 复星联合2025Q2偿付能力季度报告摘要.pdf
A30: Y | B30: 国联人寿 | C30: 寿险 | D30: https://www.guolian-life.com/companyNewsCenter.html?menuCode=107&grade=3 | E30: 成功 | G30: =$J30&"年第"&$K30&"季度" -> 2025年第2季度 | I30: 2025Q2 | J30: =LEFT(I30,4) -> 2025 | K30: =RIGHT(I30,1) -> 2 | L30: =$L$2 -> D:\文档\_工作相关\KPMG\CROSS II\2025Q2 | M30: =B30&I30&"偿付能力季度报告摘要.pdf" -> 国联人寿2025Q2偿付能力季度报告摘要.pdf
A31: Y | B31: 信美人寿 | C31: 寿险 | D31: https://www.trustlife.com/cms/html/payReport/ | E31: 成功 | G31: =$J31&"年第"&CHOOSE($K31,"一","二","三","四")&"季度" -> 2025年第二季度 | I31: 2025Q2 | J31: =LEFT(I31,4) -> 2025 | K31: =RIGHT(I31,1) -> 2 | L31: =$L$2 -> D:\文档\_工作相关\KPMG\CROSS II\2025Q2 | M31: =B31&I31&"偿付能力季度报告摘要.pdf" -> 信美人寿2025Q2偿付能力季度报告摘要.pdf
A32: Y | B32: 中华人寿 | C32: 寿险 | D32: https://life.cic.cn/redirect/info/repayMessage | E32: 成功 | G32: =$J32&"年"&CHOOSE($K32,"一","二","三","四")&"季度" -> 2025年二季度 | I32: 2025Q2 | J32: =LEFT(I32,4) -> 2025 | K32: =RIGHT(I32,1) -> 2 | L32: =$L$2 -> D:\文档\_工作相关\KPMG\CROSS II\2025Q2 | M32: =B32&I32&"偿付能力季度报告摘要.pdf" -> 中华人寿2025Q2偿付能力季度报告摘要.pdf
A33: Y | B33: 复星保德信 | C33: 寿险 | D33: https://www.pflife.com.cn/cpramericaFosun/publish/main/announce/specialInformation/payinfo/index.html | E33: 成功 | G33: =$J33&"年"&$K33&"季度" -> 2025年2季度 | I33: 2025Q2 | J33: =LEFT(I33,4) -> 2025 | K33: =RIGHT(I33,1) -> 2 | L33: =$L$2 -> D:\文档\_工作相关\KPMG\CROSS II\2025Q2 | M33: =B33&I33&"偿付能力季度报告摘要.pdf" -> 复星保德信2025Q2偿付能力季度报告摘要.pdf
A34: Y | B34: 汇丰人寿 | C34: 寿险 | D34: https://www.hsbcinsurance.com.cn/about-us/information-disclosure/special-information/#03 | E34: 成功 | G34: =$J34&"年第"&CHOOSE($K34,"一","二","三","四")&"季度偿付能力" -> 2025年第二季度偿付能力 | I34: 2025Q2 | J34: =LEFT(I34,4) -> 2025 | K34: =RIGHT(I34,1) -> 2 | L34: =$L$2 -> D:\文档\_工作相关\KPMG\CROSS II\2025Q2 | M34: =B34&I34&"偿付能力季度报告摘要.pdf" -> 汇丰人寿2025Q2偿付能力季度报告摘要.pdf
A35: Y | B35: 爱心人寿 | C35: 寿险 | D35: https://www.aixin-ins.com/gdgq/index.jhtml# | E35: 成功 | G35: =$J35&"年第"&CHOOSE($K35,"一","二","三","四")&"季度偿付能力" -> 2025年第二季度偿付能力 | I35: 2025Q2 | J35: =LEFT(I35,4) -> 2025 | K35: =RIGHT(I35,1) -> 2 | L35: =$L$2 -> D:\文档\_工作相关\KPMG\CROSS II\2025Q2 | M35: =B35&I35&"偿付能力季度报告摘要.pdf" -> 爱心人寿2025Q2偿付能力季度报告摘要.pdf
A36: Y | B36: 小康人寿 | C36: 寿险 | D36: http://www.sfli.com.cn/cms-web/front/sinofrench/plxx/zxxx/cfnl/cfnl@1.html | E36: 成功 | G36: =$J36&"年第"&$K36&"季度偿付能力" -> 2025年第2季度偿付能力 | I36: 2025Q2 | J36: =LEFT(I36,4) -> 2025 | K36: =RIGHT(I36,1) -> 2 | L36: =$L$2 -> D:\文档\_工作相关\KPMG\CROSS II\2025Q2 | M36: =B36&I36&"偿付能力季度报告摘要.pdf" -> 小康人寿2025Q2偿付能力季度报告摘要.pdf
A37: Y | B37: 北大方正 | C37: 寿险 | D37: https://www.pkufi.com/public-infomation/specialMsg/payCapacity?content=%E5%81%BF%E4%BB%98%E8%83%BD%E5%8A%9B | E37: 成功 | G37: =$J37&"年第"&$K37&"季度" -> 2025年第2季度 | I37: 2025Q2 | J37: =LEFT(I37,4) -> 2025 | K37: =RIGHT(I37,1) -> 2 | L37: =$L$2 -> D:\文档\_工作相关\KPMG\CROSS II\2025Q2 | M37: =B37&I37&"偿付能力季度报告摘要.pdf" -> 北大方正2025Q2偿付能力季度报告摘要.pdf
A38: Y | B38: 瑞泰人寿 | C38: 寿险 | D38: https://www.oldmutual-chnenergy.com/InfoPublish/tempReport/Solvency/ | E38: 成功 | G38: =$J38&"年第"&CHOOSE($K38,"一","二","三","四")&"季度" -> 2025年第二季度 | I38: 2025Q2 | J38: =LEFT(I38,4) -> 2025 | K38: =RIGHT(I38,1) -> 2 | L38: =$L$2 -> D:\文档\_工作相关\KPMG\CROSS II\2025Q2 | M38: =B38&I38&"偿付能力季度报告摘要.pdf" -> 瑞泰人寿2025Q2偿付能力季度报告摘要.pdf
A39: Y | B39: 国宝人寿 | C39: 寿险 | D39: https://www.panda-assets.com/PublicInfo/Index?TypeId=57 | E39: 成功 | G39: =$J39&"年第"&$K39&"季度" -> 2025年第2季度 | I39: 2025Q2 | J39: =LEFT(I39,4) -> 2025 | K39: =RIGHT(I39,1) -> 2 | L39: =$L$2 -> D:\文档\_工作相关\KPMG\CROSS II\2025Q2 | M39: =B39&I39&"偿付能力季度报告摘要.pdf" -> 国宝人寿2025Q2偿付能力季度报告摘要.pdf
A40: Y | B40: 和泰人寿 | C40: 寿险 | D40: https://www.htlic.com/info/special/liquidate | E40: 成功 | G40: =$J40&"年第"&CHOOSE($K40,"一","二","三","四")&"季度" -> 2025年第二季度 | I40: 2025Q2 | J40: =LEFT(I40,4) -> 2025 | K40: =RIGHT(I40,1) -> 2 | L40: =$L$2 -> D:\文档\_工作相关\KPMG\CROSS II\2025Q2 | M40: =B40&I40&"偿付能力季度报告摘要.pdf" -> 和泰人寿2025Q2偿付能力季度报告摘要.pdf
A41: Y | B41: 国富人寿 | C41: 寿险 | D41: https://www.e-guofu.com/zfnl/index.html | E41: 成功 | G41: =$J41&"年第"&CHOOSE($K41,"一","二","三","四")&"季度" -> 2025年第二季度 | I41: 2025Q2 | J41: =LEFT(I41,4) -> 2025 | K41: =RIGHT(I41,1) -> 2 | L41: =$L$2 -> D:\文档\_工作相关\KPMG\CROSS II\2025Q2 | M41: =B41&I41&"偿付能力季度报告摘要.pdf" -> 国富人寿2025Q2偿付能力季度报告摘要.pdf
A42: Y | B42: 华贵人寿 | C42: 寿险 | D42: https://www.huaguilife.cn/index/hgpcgw/generate/web/gkxxpl/zxxx/changfunengli/index.html?typeid=1610577898428649474&thirdId=1624043819551543297#scrollTo | E42: 成功 | G42: =$J42&"年第"&$K42&"季度" -> 2025年第2季度 | I42: 2025Q2 | J42: =LEFT(I42,4) -> 2025 | K42: =RIGHT(I42,1) -> 2 | L42: =$L$2 -> D:\文档\_工作相关\KPMG\CROSS II\2025Q2 | M42: =B42&I42&"偿付能力季度报告摘要.pdf" -> 华贵人寿2025Q2偿付能力季度报告摘要.pdf
A43: Y | B43: 长生人寿 | C43: 寿险 | D43: https://www.gwcslife.com/main/index/gkxxplzl/lsxx/cfnljdbgzy/index.html | E43: 成功 | G43: =$J43&"年第"&$K43&"季度" -> 2025年第2季度 | I43: 2025Q2 | J43: =LEFT(I43,4) -> 2025 | K43: =RIGHT(I43,1) -> 2 | L43: =$L$2 -> D:\文档\_工作相关\KPMG\CROSS II\2025Q2 | M43: =B43&I43&"偿付能力季度报告摘要.pdf" -> 长生人寿2025Q2偿付能力季度报告摘要.pdf
A44: Y | B44: 鼎诚人寿 | C44: 寿险 | D44: https://www.dingchenglife.com.cn/zxxx/cfnl/ | E44: 成功 | G44: =$J44&"年第"&$K44&"季度" -> 2025年第2季度 | I44: 2025Q2 | J44: =LEFT(I44,4) -> 2025 | K44: =RIGHT(I44,1) -> 2 | L44: =$L$2 -> D:\文档\_工作相关\KPMG\CROSS II\2025Q2 | M44: =B44&I44&"偿付能力季度报告摘要.pdf" -> 鼎诚人寿2025Q2偿付能力季度报告摘要.pdf
A45: Y | B45: 人保健康 | C45: 健康 | D45: https://www.picchealth.com/picchealth/gkxxpl/zxxx/cfnl/index.html | E45: 成功 | G45: =$J45&"年第"&$K45&"季度" -> 2025年第2季度 | I45: 2025Q2 | J45: =LEFT(I45,4) -> 2025 | K45: =RIGHT(I45,1) -> 2 | L45: =config!$L$2 -> D:\文档\_工作相关\KPMG\CROSS II\2025Q2 | M45: =B45&I45&"偿付能力季度报告摘要.pdf" -> 人保健康2025Q2偿付能力季度报告摘要.pdf
A46: Y | B46: 平安养老 | C46: 养老 | D46: https://yl.pingan.com/branding/disclosure/solvency-info | E46: 成功 | G46: =$J46&"年第"&CHOOSE($K46,"一","二","三","四")&"季度" -> 2025年第二季度 | I46: 2025Q2 | J46: =LEFT(I46,4) -> 2025 | K46: =RIGHT(I46,1) -> 2 | L46: =config!$L$2 -> D:\文档\_工作相关\KPMG\CROSS II\2025Q2 | M46: =B46&I46&"偿付能力季度报告摘要.pdf" -> 平安养老2025Q2偿付能力季度报告摘要.pdf
A47: Y | B47: 太保健康 | C47: 健康 | D47: https://health.cpic.com.cn/jkx/gkxxpl/cfnlxxzq/?subMenu=4&inSub=2 | E47: 成功 | G47: =$J47&"年第"&$K47&"季度" -> 2025年第2季度 | I47: 2025Q2 | J47: =LEFT(I47,4) -> 2025 | K47: =RIGHT(I47,1) -> 2 | L47: =config!$L$2 -> D:\文档\_工作相关\KPMG\CROSS II\2025Q2 | M47: =B47&I47&"偿付能力季度报告摘要.pdf" -> 太保健康2025Q2偿付能力季度报告摘要.pdf
A48: Y | B48: 泰康养老 | C48: 养老 | D48: https://tkyl.taikang.com/cfnl/index_1.html | E48: 成功 | G48: =$J48&"年第"&$K48&"季度" -> 2025年第2季度 | I48: 2025Q2 | J48: =LEFT(I48,4) -> 2025 | K48: =RIGHT(I48,1) -> 2 | L48: =config!$L$2 -> D:\文档\_工作相关\KPMG\CROSS II\2025Q2 | M48: =B48&I48&"偿付能力季度报告摘要.pdf" -> 泰康养老2025Q2偿付能力季度报告摘要.pdf
A49: Y | B49: 国寿养老 | C49: 养老 | D49: https://www.clpc.com.cn/chinalifepension/gkxxpl/zxxx/cfnl/index.html | E49: 成功 | G49: =$J49&"年第"&$K49&"季度" -> 2025年第2季度 | I49: 2025Q2 | J49: =LEFT(I49,4) -> 2025 | K49: =RIGHT(I49,1) -> 2 | L49: =config!$L$2 -> D:\文档\_工作相关\KPMG\CROSS II\2025Q2 | M49: =B49&I49&"偿付能力季度报告摘要.pdf" -> 国寿养老2025Q2偿付能力季度报告摘要.pdf
A50: Y | B50: 新华养老 | C50: 养老 | D50: https://www.newchinapension.com/xhylbx/_300468/_300684/index.html | E50: 成功 | G50: =$J50&"年"&$K50&"季度" -> 2025年2季度 | I50: 2025Q2 | J50: =LEFT(I50,4) -> 2025 | K50: =RIGHT(I50,1) -> 2 | L50: =config!$L$2 -> D:\文档\_工作相关\KPMG\CROSS II\2025Q2 | M50: =B50&I50&"偿付能力季度报告摘要.pdf" -> 新华养老2025Q2偿付能力季度报告摘要.pdf
A51: Y | B51: 人保养老 | C51: 养老 | D51: https://www.picc-pension.com.cn/html1/category/23042/30-1.htm | E51: 成功 | G51: =$J51&"年第"&$K51&"季度" -> 2025年第2季度 | I51: 2025Q2 | J51: =LEFT(I51,4) -> 2025 | K51: =RIGHT(I51,1) -> 2 | L51: =config!$L$2 -> D:\文档\_工作相关\KPMG\CROSS II\2025Q2 | M51: =B51&I51&"偿付能力季度报告摘要.pdf" -> 人保养老2025Q2偿付能力季度报告摘要.pdf
A52: Y | B52: 瑞华健康 | C52: 健康 | D52: https://www.rhassurance.com/rhOffic/information/special/3 | E52: 成功 | G52: =$J52&"年第"&$K52&"季度" -> 2025年第2季度 | I52: 2025Q2 | J52: =LEFT(I52,4) -> 2025 | K52: =RIGHT(I52,1) -> 2 | L52: =config!$L$2 -> D:\文档\_工作相关\KPMG\CROSS II\2025Q2 | M52: =B52&I52&"偿付能力季度报告摘要.pdf" -> 瑞华健康2025Q2偿付能力季度报告摘要.pdf
A53: Y | B53: 恒安标准养老 | C53: 养老 | D53: https://www.haslpension.com/henganyanglao/gkxxpl/zxxx/cfnl/index.html | E53: 成功 | G53: =$J53&"年第"&CHOOSE($K53,"一","二","三","四")&"季度" -> 2025年第二季度 | I53: 2025Q2 | J53: =LEFT(I53,4) -> 2025 | K53: =RIGHT(I53,1) -> 2 | L53: =config!$L$2 -> D:\文档\_工作相关\KPMG\CROSS II\2025Q2 | M53: =B53&I53&"偿付能力季度报告摘要.pdf" -> 恒安标准养老2025Q2偿付能力季度报告摘要.pdf
A54: Y | B54: 弘康人寿 | C54: 寿险 | D54: https://www.hongkang-life.com/hongkang/InfoDisclosure.html | E54: 成功 | G54: =$J54&"年"&$K54&"季度" -> 2025年2季度 | I54: 2025Q2 | J54: =LEFT(I54,4) -> 2025 | K54: =RIGHT(I54,1) -> 2 | L54: =$L$2 -> D:\文档\_工作相关\KPMG\CROSS II\2025Q2 | M54: =B54&I54&"偿付能力季度报告摘要.pdf" -> 弘康人寿2025Q2偿付能力季度报告摘要.pdf
A55: Y | B55: 德华安顾 | C55: 寿险 | D55: https://www.ergo-life.cn/#/PublicInfo/SpecialInformation?foo=5&type=3&fooTwo=54 | E55: 成功 | G55: =$J55&"年第"&$K55&"季度偿付能力" -> 2025年第2季度偿付能力 | I55: 2025Q2 | J55: =LEFT(I55,4) -> 2025 | K55: =RIGHT(I55,1) -> 2 | L55: =$L$2 -> D:\文档\_工作相关\KPMG\CROSS II\2025Q2 | M55: =B55&I55&"偿付能力季度报告摘要.pdf" -> 德华安顾2025Q2偿付能力季度报告摘要.pdf
A56: Y | B56: 阳光人寿 | C56: 寿险 | D56: https://www.sinosig.com/v/pilu?type=sx&tabIndex=10001_39 | E56: 成功 | G56: =$J56&"年第"&$K56&"季度" -> 2025年第2季度 | I56: 2025Q2 | J56: =LEFT(I56,4) -> 2025 | K56: =RIGHT(I56,1) -> 2 | L56: =$L$2 -> D:\文档\_工作相关\KPMG\CROSS II\2025Q2 | M56: =B56&I56&"偿付能力季度报告摘要.pdf" -> 阳光人寿2025Q2偿付能力季度报告摘要.pdf
A57: Y | B57: 中银三星 | C57: 寿险 | D57: https://www.boc-samsunglife.cn/information?code=GW528 | E57: 成功 | G57: =$J57&"年第"&$K57&"季度" -> 2025年第2季度 | I57: 2025Q2 | J57: =LEFT(I57,4) -> 2025 | K57: =RIGHT(I57,1) -> 2 | L57: =$L$2 -> D:\文档\_工作相关\KPMG\CROSS II\2025Q2 | M57: =B57&I57&"偿付能力季度报告摘要.pdf" -> 中银三星2025Q2偿付能力季度报告摘要.pdf
A58: Y | B58: 横琴人寿 | C58: 寿险 | D58: https://www.hqins.cn/openInfo/information_2/Pay_info | E58: 成功 | G58: =$J58&"年第"&$K58&"季度" -> 2025年第2季度 | I58: 2025Q2 | J58: =LEFT(I58,4) -> 2025 | K58: =RIGHT(I58,1) -> 2 | L58: =$L$2 -> D:\文档\_工作相关\KPMG\CROSS II\2025Q2 | M58: =B58&I58&"偿付能力季度报告摘要.pdf" -> 横琴人寿2025Q2偿付能力季度报告摘要.pdf
A59: Y | B59: 国民养老 | C59: 养老 | D59: https://www.guominpension.com/informationDisclosure?id=1422449144224628737 | E59: 成功 | G59: =$J59&"年第"&CHOOSE($K59,"一","二","三","四")&"季度" -> 2025年第二季度 | I59: 2025Q2 | J59: =LEFT(I59,4) -> 2025 | K59: =RIGHT(I59,1) -> 2 | L59: =config!$L$2 -> D:\文档\_工作相关\KPMG\CROSS II\2025Q2 | M59: =B59&I59&"偿付能力季度报告摘要.pdf" -> 国民养老2025Q2偿付能力季度报告摘要.pdf
A60: Y | B60: 平安健康 | C60: 健康 | D60: https://health.pingan.com/P/pubInfoDisclosure?menuName=public_information_disclosure&tagId=13835058055282164003&menuId=13258597302978770504&secondMenuId=9223372036854806093 | E60: 成功 | G60: =$J60&"年"&$K60&"季度" -> 2025年2季度 | I60: 2025Q2 | J60: =LEFT(I60,4) -> 2025 | K60: =RIGHT(I60,1) -> 2 | L60: =config!$L$2 -> D:\文档\_工作相关\KPMG\CROSS II\2025Q2 | M60: =B60&I60&"偿付能力季度报告摘要.pdf" -> 平安健康2025Q2偿付能力季度报告摘要.pdf
A61: Y | B61: 海保人寿 | C61: 寿险 | D61: https://www.haibao-life.com/gkxxpl/cfnlpl/index.shtml | E61: 成功 | G61: =$J61&"年"&$K61&"季度" -> 2025年2季度 | I61: 2025Q2 | J61: =LEFT(I61,4) -> 2025 | K61: =RIGHT(I61,1) -> 2 | L61: =$L$2 -> D:\文档\_工作相关\KPMG\CROSS II\2025Q2 | M61: =B61&I61&"偿付能力季度报告摘要.pdf" -> 海保人寿2025Q2偿付能力季度报告摘要.pdf
A62: Y | B62: 东吴人寿 | C62: 寿险 | D62: https://www.soochowlife.net/cs/gkxxpl/zxxx/cfnl/index.html | E62: 成功 | G62: =$J62&"年第"&CHOOSE($K62,"一","二","三","四")&"季度" -> 2025年第二季度 | I62: 2025Q2 | J62: =LEFT(I62,4) -> 2025 | K62: =RIGHT(I62,1) -> 2 | L62: =$L$2 -> D:\文档\_工作相关\KPMG\CROSS II\2025Q2 | M62: =B62&I62&"偿付能力季度报告摘要.pdf" -> 东吴人寿2025Q2偿付能力季度报告摘要.pdf
A63: Y | B63: 交银人寿 | C63: 寿险 | D63: https://www.bocommlife.com/101866/index.html | E63: 成功 | F63: 短时间内多次可能会下载失败 | G63: =$J63&"年第"&$K63&"季度" -> 2025年第2季度 | I63: 2025Q2 | J63: =LEFT(I63,4) -> 2025 | K63: =RIGHT(I63,1) -> 2 | L63: =$L$2 -> D:\文档\_工作相关\KPMG\CROSS II\2025Q2 | M63: =B63&I63&"偿付能力季度报告摘要.pdf" -> 交银人寿2025Q2偿付能力季度报告摘要.pdf
A64: Y | B64: 农银人寿 | C64: 寿险 | D64: https://www.abchinalife.com/xxpl/zxxx/cfnljdpl/index.shtml | E64: 成功 | F64: 短时间内多次可能会下载失败 | G64: =$J64&"年"&$K64&"季度" -> 2025年2季度 | I64: 2025Q2 | J64: =LEFT(I64,4) -> 2025 | K64: =RIGHT(I64,1) -> 2 | L64: =$L$2 -> D:\文档\_工作相关\KPMG\CROSS II\2025Q2 | M64: =B64&I64&"偿付能力季度报告摘要.pdf" -> 农银人寿2025Q2偿付能力季度报告摘要.pdf
A65: Y | B65: 招商仁和 | C65: 寿险 | D65: https://www.cmrh.com/html/informationDisclosure.shtml?menuName=%E4%B8%93%E9%A1%B9%E4%BF%A1%E6%81%AF | E65: 成功 | F65: 短时间内多次可能会下载失败，会被ban IP | G65: =$J65&"年第"&$K65&"季度" -> 2025年第2季度 | I65: 2025Q2 | J65: =LEFT(I65,4) -> 2025 | K65: =RIGHT(I65,1) -> 2 | L65: =$L$2 -> D:\文档\_工作相关\KPMG\CROSS II\2025Q2 | M65: =B65&I65&"偿付能力季度报告摘要.pdf" -> 招商仁和2025Q2偿付能力季度报告摘要.pdf
A66: Y | B66: 华汇人寿 | C66: 寿险 | D66: https://www.sciclife.com/cfnl_pub_child/index.html | E66: 成功 | F66: 短时间内多次可能会下载失败，会被ban IP | G66: =$J66&"年第"&$K66&"季度" -> 2025年第2季度 | I66: 2025Q2 | J66: =LEFT(I66,4) -> 2025 | K66: =RIGHT(I66,1) -> 2 | L66: =$L$2 -> D:\文档\_工作相关\KPMG\CROSS II\2025Q2 | M66: =B66&I66&"偿付能力季度报告摘要.pdf" -> 华汇人寿2025Q2偿付能力季度报告摘要.pdf
A67: Y | B67: 陆家嘴国泰 | C67: 寿险 | D67: https://www.cathaylife.cn/jdzybg/index.html | E67: 自动下载失败，需手动下载 | F67: 下载出错，错误信息：('Connection aborted.', RemoteDisconnected('Remote end closed connection without response')) | G67: =$J67&"年第"&$K67&"季度" -> 2025年第2季度 | I67: 2025Q2 | J67: =LEFT(I67,4) -> 2025 | K67: =RIGHT(I67,1) -> 2 | L67: =$L$2 -> D:\文档\_工作相关\KPMG\CROSS II\2025Q2 | M67: =B67&I67&"偿付能力季度报告摘要.pdf" -> 陆家嘴国泰2025Q2偿付能力季度报告摘要.pdf
A68: Y | B68: 恒安标准 | C68: 寿险 | D68: http://www.hengansl.com/hengan/gkxxpl/zxxx/cfnl/jdbgzy/index.html | E68: 自动下载失败，需手动下载 | F68: 下载出错，错误信息：('Connection aborted.', RemoteDisconnected('Remote end closed connection without response')) | G68: =$J68&"年第"&$K68&"季度" -> 2025年第2季度 | I68: 2025Q2 | J68: =LEFT(I68,4) -> 2025 | K68: =RIGHT(I68,1) -> 2 | L68: =$L$2 -> D:\文档\_工作相关\KPMG\CROSS II\2025Q2 | M68: =B68&I68&"偿付能力季度报告摘要.pdf" -> 恒安标准2025Q2偿付能力季度报告摘要.pdf
A69: Y | B69: 三峡人寿 | C69: 寿险 | D69: https://www.tg-life.com.cn/changfunengli/89.html | E69: 自动下载失败，需手动下载 | F69: 下载出错，错误信息：HTTPSConnectionPool(host='www.tg-life.com.cn', port=443): Max retries exceeded with url: /front_statics/storage/file/content/2024/10/67219e70d9882.pdf (Caused by SSLError(SSLError(1, '[SSL: WRONG_SIGNATURE_TYPE] wrong signature type (_ssl.c:1020)'))) | G69: ="摘要"&$J69&"年第"&$K69&"季度" -> 摘要2025年第2季度 | I69: 2025Q2 | J69: =LEFT(I69,4) -> 2025 | K69: =RIGHT(I69,1) -> 2 | L69: =$L$2 -> D:\文档\_工作相关\KPMG\CROSS II\2025Q2 | M69: =B69&I69&"偿付能力季度报告摘要.pdf" -> 三峡人寿2025Q2偿付能力季度报告摘要.pdf
A70: Y | B70: 中信保诚 | C70: 寿险 | D70: https://www.citic-prudential.com.cn/Special/Solvency.aspx | E70: 自动下载失败，需手动下载 | F70: response.status_code = 403 error 反爬虫机制 | G70: =$J70&"年第"&$K70&"季度" -> 2025年第2季度 | I70: 2025Q2 | J70: =LEFT(I70,4) -> 2025 | K70: =RIGHT(I70,1) -> 2 | L70: =$L$2 -> D:\文档\_工作相关\KPMG\CROSS II\2025Q2 | M70: =B70&I70&"偿付能力季度报告摘要.pdf" -> 中信保诚2025Q2偿付能力季度报告摘要.pdf
A71: Y | B71: 利安人寿 | C71: 寿险 | D71: http://www.lianlife.cc/zxxx/cfnlnew/ | E71: 自动下载失败，需手动下载 | F71: response.status_code = 404 error 反爬虫机制 | G71: =$J71&"年"&CHOOSE($K71,"一","二","三","四")&"季度" -> 2025年二季度 | I71: 2025Q2 | J71: =LEFT(I71,4) -> 2025 | K71: =RIGHT(I71,1) -> 2 | L71: =$L$2 -> D:\文档\_工作相关\KPMG\CROSS II\2025Q2 | M71: =B71&I71&"偿付能力季度报告摘要.pdf" -> 利安人寿2025Q2偿付能力季度报告摘要.pdf
A72: Y | B72: 君龙人寿 | C72: 寿险 | D72: http://www.kdlins.com.cn/info!list.action?itype=5 | E72: 自动下载失败，需手动下载 | F72: response.status_code = 418 error 反爬虫机制 | G72: =$J72&"年第"&CHOOSE($K72,"一","二","三","四")&"季度" -> 2025年第二季度 | I72: 2025Q2 | J72: =LEFT(I72,4) -> 2025 | K72: =RIGHT(I72,1) -> 2 | L72: =$L$2 -> D:\文档\_工作相关\KPMG\CROSS II\2025Q2 | M72: =B72&I72&"偿付能力季度报告摘要.pdf" -> 君龙人寿2025Q2偿付能力季度报告摘要.pdf
A73: Y | B73: 友邦人寿 | C73: 寿险 | D73: https://www.aia.com.cn/zh-cn/gongkaixinxipilou/zhuanxiangxinxi/changfunengli | E73: 自动下载失败，需手动下载 | F73: 自动下载长时间无响应 | G73: =$J73&"年"&$K73&"季度" -> 2025年2季度 | I73: 2025Q2 | J73: =LEFT(I73,4) -> 2025 | K73: =RIGHT(I73,1) -> 2 | L73: =$L$2 -> D:\文档\_工作相关\KPMG\CROSS II\2025Q2 | M73: =B73&I73&"偿付能力季度报告摘要.pdf" -> 友邦人寿2025Q2偿付能力季度报告摘要.pdf
A74: Y | B74: 中韩人寿 | C74: 寿险 | D74: https://www.sinokorealife.com.cn/cfnl | E74: 自动下载失败，需手动下载 | F74: 412 error 会识别自动工具 | G74: =$J74&"年第"&$K74&"季度" -> 2025年第2季度 | I74: 2025Q2 | J74: =LEFT(I74,4) -> 2025 | K74: =RIGHT(I74,1) -> 2 | L74: =$L$2 -> D:\文档\_工作相关\KPMG\CROSS II\2025Q2 | M74: =B74&I74&"偿付能力季度报告摘要.pdf" -> 中韩人寿2025Q2偿付能力季度报告摘要.pdf
A75: Y | B75: 大家养老 | C75: 养老 | D75: https://annuity.djbx.com/col/col469/index.html | E75: 无法自动获取下载链接，需手动下载 | F75: 418 error 您的请求疑似攻击行为！ | G75: =$J75&"年第"&$K75&"季度" -> 2025年第2季度 | I75: 2025Q2 | J75: =LEFT(I75,4) -> 2025 | K75: =RIGHT(I75,1) -> 2 | L75: =config!$L$2 -> D:\文档\_工作相关\KPMG\CROSS II\2025Q2 | M75: =B75&I75&"偿付能力季度报告摘要.pdf" -> 大家养老2025Q2偿付能力季度报告摘要.pdf
A76: Y | B76: 太平人寿 | C76: 寿险 | D76: https://life.cntaiping.com/info-cfnlzy/ | E76: 无法自动获取下载链接，需手动下载 | F76: 无法检查网页元素 | I76: 2025Q2 | J76: =LEFT(I76,4) -> 2025 | K76: =RIGHT(I76,1) -> 2 | L76: =$L$2 -> D:\文档\_工作相关\KPMG\CROSS II\2025Q2 | M76: =B76&I76&"偿付能力季度报告摘要.pdf" -> 太平人寿2025Q2偿付能力季度报告摘要.pdf
A77: Y | B77: 太平养老 | C77: 养老 | D77: https://tppension.cntaiping.com/info-ylcfnlbg/ | E77: 无法自动获取下载链接，需手动下载 | F77: 无法检查网页元素 | I77: 2025Q2 | J77: =LEFT(I77,4) -> 2025 | K77: =RIGHT(I77,1) -> 2 | L77: =config!$L$2 -> D:\文档\_工作相关\KPMG\CROSS II\2025Q2 | M77: =B77&I77&"偿付能力季度报告摘要.pdf" -> 太平养老2025Q2偿付能力季度报告摘要.pdf
A78: Y | B78: 合众人寿 | C78: 寿险 | D78: https://www.unionlife.com.cn/union/gkxxpl/zxxx/index.html | E78: 未更新到2024Q3 | F78: 只更新到2024Q2 | G78: 2024年2季度 | I78: 2025Q2 | J78: =LEFT(I78,4) -> 2025 | K78: =RIGHT(I78,1) -> 2 | L78: =$L$2 -> D:\文档\_工作相关\KPMG\CROSS II\2025Q2 | M78: =B78&I78&"偿付能力季度报告摘要.pdf" -> 合众人寿2025Q2偿付能力季度报告摘要.pdf
A79: Y | B79: 百年人寿 | C79: 寿险 | D79: https://www.aeonlife.com.cn/info/solvency/index.shtml#info_list | E79: 未更新到2024Q3 | F79: 只更新到2023Q1 | G79: 2023年第1季度 | I79: 2025Q2 | J79: =LEFT(I79,4) -> 2025 | K79: =RIGHT(I79,1) -> 2 | L79: =$L$2 -> D:\文档\_工作相关\KPMG\CROSS II\2025Q2 | M79: =B79&I79&"偿付能力季度报告摘要.pdf" -> 百年人寿2025Q2偿付能力季度报告摘要.pdf
A80: Y | B80: 渤海人寿 | C80: 寿险 | D80: http://www.bohailife.net/zxxx/changfunengli/index.shtml | E80: 未更新到2024Q3 | F80: 只更新到2023Q4 | G80: 2023年第4季度 | I80: 2025Q2 | J80: =LEFT(I80,4) -> 2025 | K80: =RIGHT(I80,1) -> 2 | L80: =$L$2 -> D:\文档\_工作相关\KPMG\CROSS II\2025Q2 | M80: =B80&I80&"偿付能力季度报告摘要.pdf" -> 渤海人寿2025Q2偿付能力季度报告摘要.pdf
A81: Y | B81: 大家人寿 | C81: 寿险 | D81: https://life.djbx.com/col/col180/index.html | E81: 未更新到2024Q3 | F81: 未披露偿付能力 | I81: 2025Q2 | J81: =LEFT(I81,4) -> 2025 | K81: =RIGHT(I81,1) -> 2 | L81: =$L$2 -> D:\文档\_工作相关\KPMG\CROSS II\2025Q2 | M81: =B81&I81&"偿付能力季度报告摘要.pdf" -> 大家人寿2025Q2偿付能力季度报告摘要.pdf
A82: Y | B82: 富德生命 | C82: 寿险 | D82: https://www.sino-life.com/publicinfo/ | E82: 未更新到2024Q3 | F82: 只更新到2021Q4 | G82: 2021年第4季度 | I82: 2025Q2 | J82: =LEFT(I82,4) -> 2025 | K82: =RIGHT(I82,1) -> 2 | L82: =$L$2 -> D:\文档\_工作相关\KPMG\CROSS II\2025Q2 | M82: =B82&I82&"偿付能力季度报告摘要.pdf" -> 富德生命2025Q2偿付能力季度报告摘要.pdf
A83: Y | B83: 华夏人寿 | C83: 寿险 | D83: https://www.ruiinsurance.com/information/special/solvency/index.html?v=1,732,786,471,236 | E83: 未更新到2024Q3 | F83: 改名瑞众，未披露 | I83: 2025Q2 | J83: =LEFT(I83,4) -> 2025 | K83: =RIGHT(I83,1) -> 2 | L83: =$L$2 -> D:\文档\_工作相关\KPMG\CROSS II\2025Q2 | M83: =B83&I83&"偿付能力季度报告摘要.pdf" -> 华夏人寿2025Q2偿付能力季度报告摘要.pdf
A84: Y | B84: 恒大人寿 | C84: 寿险 | D84: https://www.evergrandelife.com.cn/channel/10959.html | E84: 未更新到2024Q3 | F84: 只更新到2021Q3 | I84: 2025Q2 | J84: =LEFT(I84,4) -> 2025 | K84: =RIGHT(I84,1) -> 2 | L84: =$L$2 -> D:\文档\_工作相关\KPMG\CROSS II\2025Q2 | M84: =B84&I84&"偿付能力季度报告摘要.pdf" -> 恒大人寿2025Q2偿付能力季度报告摘要.pdf
A85: Y | B85: 君康人寿 | C85: 寿险 | D85: https://www.jklife.com/views/special/specialSolvency.html | E85: 未更新到2024Q3 | F85: 只更新到2020Q3 | I85: 2025Q2 | J85: =LEFT(I85,4) -> 2025 | K85: =RIGHT(I85,1) -> 2 | L85: =$L$2 -> D:\文档\_工作相关\KPMG\CROSS II\2025Q2 | M85: =B85&I85&"偿付能力季度报告摘要.pdf" -> 君康人寿2025Q2偿付能力季度报告摘要.pdf
A86: Y | B86: 前海人寿 | C86: 寿险 | D86: https://www.foresealife.com/publicInfo.html | E86: 未更新到2024Q3 | F86: 只更新到2022 | I86: 2025Q2 | J86: =LEFT(I86,4) -> 2025 | K86: =RIGHT(I86,1) -> 2 | L86: =$L$2 -> D:\文档\_工作相关\KPMG\CROSS II\2025Q2 | M86: =B86&I86&"偿付能力季度报告摘要.pdf" -> 前海人寿2025Q2偿付能力季度报告摘要.pdf
A87: Y | B87: 上海人寿 | C87: 寿险 | D87: https://www.shanghailife.com.cn/infoManagement/13?mold=3&status=3 | E87: 未更新到2024Q3 | F87: 只更新到2021Q4 | I87: 2025Q2 | J87: =LEFT(I87,4) -> 2025 | K87: =RIGHT(I87,1) -> 2 | L87: =$L$2 -> D:\文档\_工作相关\KPMG\CROSS II\2025Q2 | M87: =B87&I87&"偿付能力季度报告摘要.pdf" -> 上海人寿2025Q2偿付能力季度报告摘要.pdf
A88: Y | B88: 天安人寿 | C88: 寿险 | D88: https://www.tianan-life.com/toGongKaiXinXiPiLu | E88: 未更新到2024Q3 | F88: 只更新到2020Q1 | I88: 2025Q2 | J88: =LEFT(I88,4) -> 2025 | K88: =RIGHT(I88,1) -> 2 | L88: =$L$2 -> D:\文档\_工作相关\KPMG\CROSS II\2025Q2 | M88: =B88&I88&"偿付能力季度报告摘要.pdf" -> 天安人寿2025Q2偿付能力季度报告摘要.pdf
A89: Y | B89: 中融人寿 | C89: 寿险 | D89: http://www.zhongronglife.com/html/1//178/172/index.html | E89: 未更新到2024Q3 | F89: 只更新到2021Q3 | I89: 2025Q2 | J89: =LEFT(I89,4) -> 2025 | K89: =RIGHT(I89,1) -> 2 | L89: =$L$2 -> D:\文档\_工作相关\KPMG\CROSS II\2025Q2 | M89: =B89&I89&"偿付能力季度报告摘要.pdf" -> 中融人寿2025Q2偿付能力季度报告摘要.pdf
A90: Y | B90: 珠江人寿 | C90: 寿险 | D90: https://www.prlife.com.cn/page/message/message_main.shtml | E90: 未更新到2024Q3 | F90: 只更新到2021Q4 | I90: 2025Q2 | J90: =LEFT(I90,4) -> 2025 | K90: =RIGHT(I90,1) -> 2 | L90: =$L$2 -> D:\文档\_工作相关\KPMG\CROSS II\2025Q2 | M90: =B90&I90&"偿付能力季度报告摘要.pdf" -> 珠江人寿2025Q2偿付能力季度报告摘要.pdf
A91: Y | B91: 长江养老 | C91: 养老 | D91: https://www.cj-pension.com.cn/cjyl/CN/xxgk/qyjbxx/ | E91: 未更新到2024Q3 | F91: 只是企业年金，不涉及保险，不需要披露偿付能力 | I91: 2025Q2 | J91: =LEFT(I91,4) -> 2025 | K91: =RIGHT(I91,1) -> 2 | L91: =config!$L$2 -> D:\文档\_工作相关\KPMG\CROSS II\2025Q2 | M91: =B91&I91&"偿付能力季度报告摘要.pdf" -> 长江养老2025Q2偿付能力季度报告摘要.pdf
A92: Y | B92: 和谐健康 | C92: 健康 | D92: https://www.hexiehealth.com/gkxxpl/zxxx/cfnl1/index.htm | E92: 未更新到2024Q3 | F92: 只更新到2017Q1 | I92: 2025Q2 | J92: =LEFT(I92,4) -> 2025 | K92: =RIGHT(I92,1) -> 2 | L92: =config!$L$2 -> D:\文档\_工作相关\KPMG\CROSS II\2025Q2 | M92: =B92&I92&"偿付能力季度报告摘要.pdf" -> 和谐健康2025Q2偿付能力季度报告摘要.pdf
A93: Y | B93: 昆仑健康 | C93: 健康 | D93: https://www.kunlunhealth.com.cn/cms/disclosure/list?sItem=otherInfo1&&type=PCSolvencyDisclosure | E93: 未更新到2024Q3 | F93: 只更新到2021Q4 | I93: 2025Q2 | J93: =LEFT(I93,4) -> 2025 | K93: =RIGHT(I93,1) -> 2 | L93: =config!$L$2 -> D:\文档\_工作相关\KPMG\CROSS II\2025Q2 | M93: =B93&I93&"偿付能力季度报告摘要.pdf" -> 昆仑健康2025Q2偿付能力季度报告摘要.pdf
